hand_x_0,hand_y_0,hand_z_0,hand_x_1,hand_y_1,hand_z_1,hand_x_2,hand_y_2,hand_z_2,hand_x_3,hand_y_3,hand_z_3,hand_x_4,hand_y_4,hand_z_4,hand_x_5,hand_y_5,hand_z_5,hand_x_6,hand_y_6,hand_z_6,hand_x_7,hand_y_7,hand_z_7,hand_x_8,hand_y_8,hand_z_8,hand_x_9,hand_y_9,hand_z_9,hand_x_10,hand_y_10,hand_z_10,hand_x_11,hand_y_11,hand_z_11,hand_x_12,hand_y_12,hand_z_12,hand_x_13,hand_y_13,hand_z_13,hand_x_14,hand_y_14,hand_z_14,hand_x_15,hand_y_15,hand_z_15,hand_x_16,hand_y_16,hand_z_16,hand_x_17,hand_y_17,hand_z_17,hand_x_18,hand_y_18,hand_z_18,hand_x_19,hand_y_19,hand_z_19,hand_x_20,hand_y_20,hand_z_20,face_x_10,face_y_10,face_z_10,face_x_152,face_y_152,face_z_152,face_x_234,face_y_234,face_z_234,face_x_454,face_y_454,face_z_454,face_x_33,face_y_33,face_z_33,face_x_263,face_y_263,face_z_263,face_x_1,face_y_1,face_z_1,face_x_61,face_y_61,face_z_61,face_x_291,face_y_291,face_z_291,face_x_199,face_y_199,face_z_199
0.0,0.0,0.0,0.0,0.0,0.0,0.0,0.0,0.0,0.0,0.0,0.0,0.0,0.0,0.0,0.0,0.0,0.0,0.0,0.0,0.0,0.0,0.0,0.0,0.0,0.0,0.0,0.0,0.0,0.0,0.0,0.0,0.0,0.0,0.0,0.0,0.0,0.0,0.0,0.0,0.0,0.0,0.0,0.0,0.0,0.0,0.0,0.0,0.0,0.0,0.0,0.0,0.0,0.0,0.0,0.0,0.0,0.0,0.0,0.0,0.0,0.0,0.0,0.456342488527298,0.3561493754386902,0.013967332430183887,0.4596859812736511,0.7151626944541931,-0.016323324292898178,0.3555731177330017,0.542136549949646,0.1275484710931778,0.5873751044273376,0.5280313491821289,0.09971490502357483,0.38414856791496277,0.48775479197502136,0.03600621595978737,0.5393698215484619,0.47605660557746887,0.018176699057221413,0.45222562551498413,0.5456615686416626,-0.054505039006471634,0.4180188775062561,0.6200515627861023,-0.004450364504009485,0.4978896677494049,0.618613064289093,-0.014990479685366154,0.4573984742164612,0.6893001198768616,-0.03050978295505047
